SurveyFormId, SurveyFormName, SurveyLink, SurveyLanguage, SurveyQuestionCount, SurveyPageCount, SurveyDateCreated, SurveyDateModified, ProjectId
"67755770", "NPS 2015", "http://www.surveymonkey.com/r/Preview/?sm=WqNMbTmzDngBtgtpxuFEf8qm4UcYgiezk9sPTK2N6SY_3D", "en", "7", "7", "2015-08-06T17:22:00", "2016-03-12T23:51:00", 1
"69281852", "NPS_CIBERTEC_2015", "http://www.surveymonkey.com/r/Preview/?sm=qa3pAKmEf8_2FHYyusLsMg4Dvp_2FIVnj8xCBah02HFOu4A_3D", "es", "5", "5", "2015-09-21T13:40:00", "2016-03-08T17:32:00", 1
"68490213", "NPS CIBERTEC 2015", "http://www.surveymonkey.com/r/Preview/?sm=fHYClp4wpC1YexqEqojbo9tqrB1VlFao0IA5nF2j8eg_3D", "es", "5", "5", "2015-08-30T18:39:00", "2016-03-08T17:31:00", 1
"62217295", "Tu Opinión Cuenta (NPS) – UAM 2015", "http://www.surveymonkey.com/r/Preview/?sm=oekTclVuHFC0TPNa0Vk5TAiiaWztbJWXnGeSpKzwP0Y_3D", "es", "5", "5", "2015-03-11T13:21:00", "2016-03-08T17:31:00", 1
"69988248", "NPS UIP 2015", "http://www.surveymonkey.com/r/Preview/?sm=AjgoMiDjI4Hq80neoAxTv3RFsOb7L_2FuuKvqmCUIFNJk_3D", "es", "5", "5", "2015-10-07T17:05:00", "2016-03-08T17:31:00", 1
"68489249", "NPS UPN 2015", "http://www.surveymonkey.com/r/Preview/?sm=4FZL88yDjFqTkkIBTKi8rAtAHhChWikmt8WuZLrBt64_3D", "es", "5", "5", "2015-08-30T16:46:00", "2016-03-08T17:31:00", 1
"71535581", "Inventario de actividades profesionales realizadas en el extranjero", "http://www.surveymonkey.com/r/Preview/?sm=MJqs5j61gFSCU0dtUq_2FCkds8HEXsZj7cHMAJoX81WC8_3D", "es", "10", "1", "2015-11-11T00:08:00", "2016-03-08T17:31:00", 1
"73337763", "Test Survey - NPS", "http://www.surveymonkey.com/r/Preview/?sm=Lb3vHNgXY53QMi_2FuILS0WJZIcP9hX9Zwo0y1rmGWTD0_3D", "en", "5", "5", "2015-12-28T07:34:00", "2016-01-29T18:22:00", 1
"73124441", "Test survey -Charan", "http://www.surveymonkey.com/r/Preview/?sm=6i6oKvKQrpCshwL6ZPRCfXqEMefWS2jKDZ3SrCOwT9M_3D", "en", "5", "5", "2015-12-17T06:55:00", "2015-12-28T07:32:00", 1
"73217439", "abc", "http://www.surveymonkey.com/r/Preview/?sm=7LwkifyCtzMCcNkaDSeE3drSj0BgItKGnuSj0mVmtGw_3D", "en", "0", "1", "2015-12-21T10:23:00", "2015-12-21T10:24:00", 1
